id,type,actor,repo,created_at,public
10204255108,IssuesEvent,bautimaiale,python/cpython,2026-06-02T23:30:18Z,True
10204254957,IssuesEvent,bautimaiale,python/cpython,2026-06-02T23:30:18Z,True
10204234740,PullRequestEvent,bedevere-app[bot],python/cpython,2026-06-02T23:29:30Z,True
10204233185,PullRequestEvent,bedevere-app[bot],python/cpython,2026-06-02T23:29:28Z,True
10204232669,PullRequestEvent,bedevere-app[bot],python/cpython,2026-06-02T23:29:18Z,True
10204232099,IssuesEvent,bautimaiale,python/cpython,2026-06-02T23:29:29Z,True
10204231938,IssuesEvent,bautimaiale,python/cpython,2026-06-02T23:29:29Z,True
10204231027,PullRequestReviewCommentEvent,JelleZijlstra,python/cpython,2026-06-02T19:44:47Z,True
10204230481,PullRequestEvent,gaborbernat,python/cpython,2026-06-02T23:29:25Z,True
10204230466,PullRequestEvent,bedevere-app[bot],python/cpython,2026-06-02T23:29:23Z,True
10204229607,PullRequestEvent,gaborbernat,python/cpython,2026-06-02T23:29:23Z,True
10204229482,PullRequestEvent,bedevere-app[bot],python/cpython,2026-06-02T23:29:20Z,True
10204228214,PullRequestEvent,bedevere-app[bot],python/cpython,2026-06-02T23:29:16Z,True
10204227538,PullRequestEvent,bedevere-app[bot],python/cpython,2026-06-02T23:29:14Z,True
10204227367,PullRequestEvent,gaborbernat,python/cpython,2026-06-02T23:29:18Z,True
10204226293,PullRequestEvent,gaborbernat,python/cpython,2026-06-02T23:29:16Z,True
10204225323,PullRequestEvent,gaborbernat,python/cpython,2026-06-02T23:29:14Z,True
10204224335,PullRequestEvent,gaborbernat,python/cpython,2026-06-02T23:29:12Z,True
10204223373,PullRequestEvent,gaborbernat,python/cpython,2026-06-02T23:29:10Z,True
10203992955,PullRequestReviewCommentEvent,bitdancer,python/cpython,2026-06-02T19:24:55Z,True
10203699200,PullRequestReviewCommentEvent,serhiy-storchaka,python/cpython,2026-06-02T19:02:39Z,True
10203579130,WatchEvent,h-dinsmore,python/cpython,2026-06-02T23:06:03Z,True
10203567218,PullRequestReviewCommentEvent,serhiy-storchaka,python/cpython,2026-06-02T18:52:50Z,True
10203312906,WatchEvent,muteel,python/cpython,2026-06-02T22:56:41Z,True
10203161610,WatchEvent,carlice20,python/cpython,2026-06-02T22:51:39Z,True
10203084968,WatchEvent,unichf,python/cpython,2026-06-02T22:49:07Z,True
10203074919,PullRequestEvent,bedevere-app[bot],python/cpython,2026-06-02T22:48:43Z,True
10203074870,PullRequestEvent,bedevere-app[bot],python/cpython,2026-06-02T22:48:43Z,True
10203072772,PullRequestReviewEvent,pablogsal,python/cpython,2026-06-02T22:48:44Z,True
